<?xml version="1.0" encoding="UTF-8"?>
<!DOCTYPE struts PUBLIC
        "-//Apache Software Foundation//DTD Struts Configuration 2.5//EN"
        "http://struts.apache.org/dtds/struts-2.5.dtd">
<struts>

<package name="demo" extends="struts-default">
	<interceptors>
		<interceptor name="myin" class="com.cwj95.test.W2"></interceptor>
		<interceptor name="mytest" class="com.cwj95.test.W3"></interceptor>
	</interceptors>
	<action name="hehe" class="com.cwj95.test.W1">
		<result name="YES" >index.jsp</result>
	</action>
	<action name="login"  class="com.cwj95.test.W1" method="login" >
	
		<result name="YES">su.jsp</result>
		<result name="NO">login.jsp</result>
	
		<interceptor-ref name="myin"></interceptor-ref>	
		<interceptor-ref name="mytest"></interceptor-ref>	
		<interceptor-ref name="defaultStack"></interceptor-ref>
	</action>
</package>
</struts>